Essie,Vaill
Cruz,Roudabush
Billie,Tinnes
Zackary,Mockus
Rosemarie,Fifield
Bernard,Laboy
Sue,Haakinson
Valerie,Pou
Lashawn,Hasty
Marianne,Earman
Justina,Dragaj
Mandy,Mcdonnell
Conrad,Lanfear
Cyril,Behen
Shelley,Groden
Rosalind,Krenzke
Davis,Brevard
Winnie,Reich
Trudy,Worlds
Deshawn,Inafuku
Claudio,Loose
Sal,Pindell
Cristina,Sharper
Cary,Mccamey
Haley,Rocheford
Dorothea,Sweem
Fannie,Steese
Allyson,Gillispie
Roger,Seid
Dollie,Daquino
Eva,Seahorn
Mamie,Mcintee
Lyndon,Bellerdine
Lashonda,Derouen
Jacklyn,Emayo
Rubin,Crotts
Boris,Catino
Jannie,Bowditch
Colin,Altonen
Kerry,Evertt
Kathie,Argenti
Henrietta,Cintora
Mariano,Maury
Lottie,Voll
Ofelia,Sheffler
Gaston,Cieloszyk
Karla,Ken
Avery,Parbol
John,Chipley
Luella,Pliner
